source,headline,date
Google News,RIL shares fall over 2% post Q1 results; analysts say it missed estimates despite impressive numbers - Upstox,2025-11-16 18:36:24
Google News,"RIL stock jumps 10% in 1 month, nears record high. Should you buy or hold? - Business Standard",2025-11-16 18:36:24
Google News,"Goldman Sachs says Reliance Industries, Titan Company and 12 other stocks to lead next market rally. Check - The Economic Times",2025-11-16 18:36:24
Google News,Reliance share price rises 2% after 4-day losing streak; opportunity to buy or book profits? - livemint.com,2025-11-16 18:36:24
Google News,Reliance Industries shares may see further upside in the near term - HDFC Sky,2025-11-16 18:36:24
Google News,"Markets Extend Gains For Third Session; IT Stocks, Reliance Lead Rally - BW Businessworld",2025-11-16 18:36:24
Google News,Reliance Infrastructure Stock Hits Upper Circuit Limit with Intraday High of Rs 186.53 - Markets Mojo,2025-11-16 18:36:24
Google News,Reliance shares jump 3% after Q2 results. Should it be in your Diwali portfolio? - India Today,2025-11-16 18:36:24
Google News,Reliance stock trades gap-up post Q2 results; what it means? Strategy here - Business Standard,2025-11-16 18:36:24
Google News,Reliance share price jumps 3% after Q2 results 2025. Experts see more upside - livemint.com,2025-11-16 18:36:24
Google News,"Reliance Infra shares gain 5% despite 50% drop in Q2 net profit to Rs 1,911 crore - The Economic Times",2025-11-16 18:36:24
Google News,Reliance Industries shares rally 2%; will the stock hit record high soon? Morgan Stanley says AI to reshape its equity story - Upstox,2025-11-16 18:36:24
Google News,"Reliance, Titan Among 14 Stocks Tipped by Goldman Sachs to Drive India’s Next Market Rally - BW Businessworld",2025-11-16 18:36:24
Google News,"FIIs trim stake in Reliance Industries in Q2 but retail, MF raise bet - The Economic Times",2025-11-16 18:36:24
Google News,Reliance share price: How are Mukesh Ambani-owned stocks expected to open after Q2 results 2025? - livemint.com,2025-11-16 18:36:24
Google News,Reliance Industries shares rise 2% after incorporating JV with Meta for AI - Business Standard,2025-11-16 18:36:24
Google News,Reliance Infrastructure shares gain 5% as firm plans to raise $600 million; all you need to know from Q2 earnings - Upstox,2025-11-16 18:36:24
Google News,"JioBlackRock Mutual Fund: HDFC Bank, RIL, and ITC among top 10 stock holdings in October - The Economic Times",2025-11-16 18:36:24
Google News,Reliance Industries Q2 results: Experts see big upside in Reliance share price after strong earnings. Should you buy? - livemint.com,2025-11-16 18:36:24
Google News,"RIL, HDFC Bank and SBI among 9 stocks owned by over 550 mutual funds in October - The Economic Times",2025-11-16 18:36:24
Google News,Reliance Industries shares rise after purchase of Middle Eastern crude amid global supply shifts - The Economic Times,2025-11-16 18:36:24
Google News,"Stocks to buy in 2025 for long term: Dalmia Bharat, RIL among 5 stocks that could give 15-69% return - The Economic Times",2025-11-16 18:36:24
Google News,Reliance Industries' share price jumps 4% after strong Q2 results; brokerages bullish - Moneycontrol,2025-11-16 18:36:24
Google News,Reliance share price falls ahead of AGM. Should you buy? - livemint.com,2025-11-16 18:36:24
Google News,"Reliance share price rises nearly 3%, gains 16% YTD; should investors buy, sell, or hold? Experts weigh in - livemint.com",2025-11-16 18:36:24
Google News,Reliance Industries - Insider Shift: Promoters reduce stakes in 9 largecap stocks in September quarter - The Economic Times,2025-11-16 18:36:24
Google News,"Reliance Share Price Breaks 4-Day Slide, Surges 2% In Early Trade - Samco",2025-11-16 18:36:24
Google News,"Buy or Sell? How to trade Reliance, ONGC, OMC shares amid Russian oil ban - Business Standard",2025-11-16 18:36:24
Google News,"Stocks to Watch today: RIL, Dr Reddy's Labs, Coforge, Hudco, Container Corp - Business Standard",2025-11-16 18:36:24
Google News,"Reliance Industries Ltd Trades 3.15 Million Shares, Leading Equities by Value Today - Markets Mojo",2025-11-16 18:36:24
Google News,Reliance Industries shares rally 3% on impressive Q2 numbers; analysts say stock re-rating is on the cards - Upstox,2025-11-16 18:36:24
Google News,Reliance share price gains 19% YTD; time to buy more or book profits? Experts weigh in - livemint.com,2025-11-16 18:36:24
Google News,"Sensex, Nifty erase early gains as Reliance Industries, crude-sensitive stocks slip - CNBC TV18",2025-11-16 18:36:24
Google News,Reliance Industries - 9 Sensex stocks with up to 23% upside potential. Are these in your portfolio? - The Economic Times,2025-11-16 18:36:24
Google News,RIL shares drop over 2% from day's high on reports of likely halt in oil imports from Russia's Rosneft - The Economic Times,2025-11-16 18:36:24
Google News,Reliance Industries shares tumble: Why the conglomerate stock dropped 3% despite reporting record profit - Times of India,2025-11-16 18:36:24
Google News,"Reliance Industries Stock Up 3% After Strong Q2, Creates Rs 64,619 Cr Wealth; How RIL Fared After 1:1 Bonus? - Goodreturns",2025-11-16 18:36:24
Google News,Reliance share price crashes over 2% to 4-month low amid RIL AGM 2025 - livemint.com,2025-11-16 18:36:24
Google News,"Reliance shares rise nearly 3% on Jio tariff changes, positive brokerage calls - Moneycontrol",2025-11-16 18:36:24
Google News,"RIL share price drops despite Jio IPO, AI booster at AGM: 4 reasons behind fall — Opportunity to buy? - livemint.com",2025-11-16 18:36:24
Google News,RIL shares rise 2% as Facebook picks 30% stake in its AI venture - Moneycontrol,2025-11-16 18:36:24
Google News,Reliance Industries shares rally 3%: Three reasons why stock surged today - Upstox,2025-11-16 18:36:24
Google News,Reliance Industries shares have three major triggers that lie ahead after Q2 results; Details here - CNBC TV18,2025-11-16 18:36:24
Google News,RIL Shares Jump 2% as Facebook Acquires 30% Stake in AI Venture - Samco,2025-11-16 18:36:24
Google News,RIL AGM 2025 tomorrow: Can it trigger a re-rating in Reliance share price? - livemint.com,2025-11-16 18:36:24
Google News,How to trade RIL stock post AGM? Tech charts hints at 9% downside risk - Business Standard,2025-11-16 18:36:24
Google News,RIL block deal: BofA buys over 2.9 lakh shares worth Rs 44 crore in Reliance Industries - The Economic Times,2025-11-16 18:36:24
Google News,Reliance share price soars 37% from April lows. What’s fueling the surge and can it continue? - livemint.com,2025-11-16 18:36:24
Google News,"RIL shares surge 3% as Q2 profit rises 10% YoY. Should you buy, sell or hold? - The Economic Times",2025-11-16 18:36:24
Google News,"Reliance Industries stock price target raised to INR1,735 by ICICI Securities - Investing.com",2025-11-16 18:36:24
Google News,"Reliance share price target at Rs 1,733? What CLSA, Morgan Stanley, other top brokerages said after AGM - The Economic Times",2025-11-16 18:36:24
Google News,Reliance Industries stock near all-time high: Is it a buy at just 4.6 % below peak? - livemint.com,2025-11-16 18:36:24
Google News,"RIL fires up Diwali trade! Stock jumps 3% as Jefferies, Nuvama see up to 30% upside – Here’s why - financialexpress.com",2025-11-16 18:36:24
Google News,"Reliance Industries Reclaims Second Position in Nifty 50 Weightage, Shares Up 21% Despite Recent Dip - scanx.trade",2025-11-16 18:36:24
Google News,Reliance Industries shares reclaim second spot in Nifty 50 weightage; Stocks set for best year in five - CNBC TV18,2025-11-16 18:36:24
Google News,Reliance Industries stock: Is it right time to buy after Q1 results 2025? - livemint.com,2025-11-16 18:36:24
Google News,Reliance share price falls over 3% despite posting 76% rise in net profit in Q1FY25. Opportunity to buy? - livemint.com,2025-11-16 18:36:24
Google News,JioBlackRock Flexi Cap Fund: HDFC Bank and RIL among top 10 stock holdings in October - The Economic Times,2025-11-16 18:36:24
Google News,"Nifty & Nifty Bank Rally: Why ICICI Bank stock looks stronger than Reliance, HDFC Bank — Explained by Anil Singhvi - Zee Business",2025-11-16 18:36:24
Google News,Reliance Q2 Results Highlights: Profit surges 16% YoY; telecom biz ARPU grows to ₹211.4 ahead of Jio IPO - livemint.com,2025-11-16 18:36:24
Google News,Reliance shares slip 3% as Q1 misses estimates; more selling ahead? - Business Standard,2025-11-16 18:36:24
Google News,Why is RIL down 2% after Mukesh Ambani reveals Jio IPO timeline? - financialexpress.com,2025-11-16 18:36:24
Google News,"RIL AGM: How the stock fared before, after the AGM; what to expect now? - Business Standard",2025-11-16 18:36:24
Google News,Reliance Industries Share Price Continues To Fall Post Jio Listing Announcement - NDTV Profit,2025-11-16 18:36:24
Google News,Reliance Industries shares have 30% upside; Investec initiates on day of Q2 results - CNBC TV18,2025-11-16 18:36:24
Google News,"Stocks making big moves midday: Vodafone Idea, Coforge, Reliance Industries, SBI Life and more - financialexpress.com",2025-11-16 18:36:24
Google News,Why Reliance Industries shares dropped 3% despite strong Q1 - Fortune India,2025-11-16 18:36:24
Google News,Reliance share price jumps 17% YTD: Can India's most valuable stock deliver more gains or is it time to book profits? - livemint.com,2025-11-16 18:36:24
Google News,Reliance Industries Shares Rise 2% After Rs 2 Crore AI JV With Meta’s Facebook Unit - Equitypandit,2025-11-16 18:36:24
Google News,Stock market close highlights: Jio IPO set for 2026; Reliance to double Ebitda by 2027; RIL down 2% - Business Standard,2025-11-16 18:36:24
Google News,Reliance Industries shares end over 2% lower on AGM day - The Economic Times,2025-11-16 18:36:24
Google News,Reliance threatens to break key support after 3 months; check downside risk - Business Standard,2025-11-16 18:36:24
Google News,"Reliance Industries Posts Strong Q2 Results, Shares Jump 3% on Robust Performance Across Segments - scanx.trade",2025-11-16 18:36:24
Google News,"Can Reliance shares surge 25% in 1 year? From Jio IPO to new energy, 3 forces fueling optimism - financialexpress.com",2025-11-16 18:36:24
Google News,"RIL shares: Investor wealth swells Rs 56,000 crore; 3 reasons why stock is a Buy - Business Today",2025-11-16 18:36:24
Google News,"Stocks to watch, October 20: Reliance Industries, HDFC Bank, ICICI Bank, UltraTech Cement, Sobha, IndiGo and more - Upstox",2025-11-16 18:36:24
Google News,"Stock markets rebound in early trade on foreign fund inflows, buying in Reliance, IT counters - The Hindu",2025-11-16 18:36:24
Google News,"Reliane shares jump over 4% after strong Q4 results. Buy, hold or sell? - India Today",2025-11-16 18:36:24
Google News,Reliance Industries Shares Fall After Q1 Results - NDTV Profit,2025-11-16 18:36:24
Google News,JPMorgan maintains Overweight rating on Reliance Industries stock - Investing.com,2025-11-16 18:36:24
Google News,"RIL shares rise 3%, top gainer on Sensex; what's fuelling the move? - Business Standard",2025-11-16 18:36:24
Google News,Reliance Share Price: Stock gains over 3% as Q2 net profit rises 9.6% YoY - India TV News,2025-11-16 18:36:24
Google News,"Reliance Stock Up 2.44% on Ceasefire Hopes, Jio Tariff Hike - HDFC Sky",2025-11-16 18:36:24
Google News,"Reliance shares climb nearly 4%; market valuation surges by ₹67,459 crore post-Q2 earnings: PTI - BusinessLine",2025-11-16 18:36:24
Google News,"Reliance, IndiGo, Shree Cement: 5 infra stocks worth your portfolio - Business Standard",2025-11-16 18:36:24
Google News,"Reliance share price jumps 18% YTD, outperforms Nifty 50; Jefferies, JP Morgan, Bernstein see more upside - livemint.com",2025-11-16 18:36:24
Google News,"Reliance Industries - Bharti Airtel, M&M among 8 stocks signalling bullish RSI momentum - The Economic Times",2025-11-16 18:36:24
Google News,Street view: Why are analysts bullish on Reliance Industries stock? - Business Standard,2025-11-16 18:36:24
Google News,"Reliance Industries shares in focus as co eyes Rs 30,000 crore packaged water market with Campa Sure - The Economic Times",2025-11-16 18:36:24
Google News,Wells Fargo & Company Issues Positive Forecast for Reliance (NYSE:RS) Stock Price - MarketBeat,2025-11-16 18:36:24
Google News,"RIL shares rise over 2%, market cap crosses Rs 20 lakh crore mark; here's why - Business Today",2025-11-16 18:36:24
Google News,"Jackpot for Mukesh Ambani as Reliance shares witness bumper rally this Diwali, Sensex recorded intraday gain - india.com",2025-11-16 18:36:24
Google News,Reliance Share Price Jumps 17% YTD | Reliance Industries Market Performance Update - Samco,2025-11-16 18:36:24
Google News,Anil Ambani’s Reliance Infra Shares Rise 3% After Mumbai Metro One Reports Strong Business; Q2 Profit J... - lokmattimes.com,2025-11-16 18:36:24
Google News,Reliance Industries shares up 25% in 2025; 4 reasons stock could gain another 18% - The Economic Times,2025-11-16 18:36:24
Google News,"Reliance Industries Share Price Jumps Over 3% After Q2 Results, Hits 3-Month High - Outlook Money",2025-11-16 18:36:24
Google News,Reliance Industries shares get their highest price target from Nuvama on potential valuation re-rating - CNBC TV18,2025-11-16 18:36:24
Google News,RIL stock 4% shy from peak; time to buy or sell? Here's what brokerages say - Business Standard,2025-11-16 18:36:24
Google News,Reliance share price nears record high after 30% surge from April lows. More gains ahead? - livemint.com,2025-11-16 18:36:24
Google News,"Reliance Industries Shares: Jio IPO a catalyst, but holding company discount could emerge, experts say - CNBC TV18",2025-11-16 18:36:24
Moneycontrol,"Search Quotes, News, Mutual Fund NAVsTrending StocksPine Labs , , Billionbrains G INE0HOQ01053, GROWW, 544603Vodafone Idea INE669E01016, IDEA, 532822LG Electronics INE324D01010, LGEINDIA, 544576Reliance INE002A01018, RELIANCE, 500325QuotesMutual FundsCommoditiesFutures & OptionsCurrencyNewsTopicCryptocurrencyForumNoticesVideosGlossaryAll",2025-11-16 18:36:24
Moneycontrol,"Search Quotes, News, Mutual Fund NAVsTrending StocksPine Labs , , Billionbrains G INE0HOQ01053, GROWW, 544603Vodafone Idea INE669E01016, IDEA, 532822LG Electronics INE324D01010, LGEINDIA, 544576Reliance INE002A01018, RELIANCE, 500325QuotesMutual FundsCommoditiesFutures & OptionsCurrencyNewsTopicCryptocurrencyForumNoticesVideosGlossaryAllAuriferous Aqua Farma , 519363",2025-11-16 18:36:24
